node,q05_c,q50_c,q95_c,min_c,max_c,outside_bounds_fraction
tank_bottom_sim_c,20.994419403759842,32.97519489145369,44.65749127488197,12.514302630852423,54.616947611325344,0.0
tank_mid_sim_c,45.29232696393602,57.05886961384017,63.30930786047263,25.45587194763247,68.91587864876522,0.0
tank_mid_hi_sim_c,45.19410438969933,51.86062815903955,61.289988432420735,29.3619518575129,68.34549327115982,0.0
tank_top_sim_c,45.22895810322849,52.11156705002914,60.417126258036355,30.001961210490137,67.46517600711921,0.0
