month,monthly_dhw_energy_kwh
2024-01,282.92457408795195
2024-02,148.7452714851815
2024-03,271.5796151898948
2024-04,213.84683858503422
2024-05,85.9002125814348
2024-06,126.43878243519107
2024-07,93.12454789687042
2024-08,32.05738961613587
2024-09,101.05203720744409
2024-10,220.14386526840005
2024-11,86.19589337750807
2024-12,337.9909722689528
