{
  "tank": {
    "UA_loss": [
      0.004999999999999999,
      0.004999999999999999,
      0.004999999999999999,
      0.004999999999999991
    ],
    "UA_adj": [
      1.513130475790931e-16,
      0.005077042934080626,
      0.002912433616379761
    ],
    "f_st": [
      0.16776200615697112,
      0.2532825244736002,
      0.2436573063058567,
      0.30552698079224644
    ],
    "f_ashp": [
      0.06401261443338549,
      0.1494005287518369,
      0.14984619909999766,
      0.21599750964487718
    ],
    "f_imm": [
      0.0614485796359122,
      0.1695061564785181,
      0.18839935843839187,
      0.14940345898225196
    ],
    "mix_coeff": 1.5895912482188582e-15,
    "alpha_draw": 0.2456591535499105,
    "T_mains": 10.0
  },
  "ashp": {
    "a": [
      5.047002025087573,
      -0.034274331999832895,
      -0.011664434040693483,
      0.001113750385488827
    ],
    "b": [
      3.011344708344367,
      -0.03381146707076116,
      -0.010950124693869183,
      0.0009400096826870795
    ],
    "c": [
      -0.676202953377643,
      0.05548399712676839,
      0.11476605591339813,
      -0.00021211742596329212,
      -0.0012379921328297414,
      -0.001317198259951437
    ]
  },
  "hx_effectiveness": 1.0
}