{
  "tank": {
    "UA_loss": [
      0.004999999999999999,
      0.004999999999999999,
      0.004999999999999999,
      0.004999999999999999
    ],
    "UA_adj": [
      3.384113419640742e-32,
      0.0013365205461243015,
      0.002723705122363368
    ],
    "f_st": [
      0.2094125832366644,
      0.28842817450769936,
      0.33695648482016716,
      0.2610843311773065
    ],
    "f_ashp": [
      0.09603511426743355,
      0.35418393721349667,
      0.19369058212922385,
      0.23862791550756088
    ],
    "f_imm": [
      0.125787328989556,
      0.16623356232001288,
      0.19992110886162287,
      0.2855090872507685
    ],
    "mix_coeff": 1.7022249196561023e-29,
    "alpha_draw": 0.48792789305864814,
    "T_mains": 10.0
  },
  "ashp": {
    "a": [
      5.047002025087573,
      -0.034274331999832895,
      -0.011664434040693483,
      0.001113750385488827
    ],
    "b": [
      3.011344708344367,
      -0.03381146707076116,
      -0.010950124693869183,
      0.0009400096826870795
    ],
    "c": [
      -0.676202953377643,
      0.05548399712676839,
      0.11476605591339813,
      -0.00021211742596329212,
      -0.0012379921328297414,
      -0.001317198259951437
    ]
  },
  "hx_effectiveness": 1.0
}