{
  "tank": {
    "UA_loss": [
      0.004999999999999999,
      0.004999999999999999,
      0.004999999999999999,
      0.004999999999999999
    ],
    "UA_adj": [
      2.5256732000407944e-23,
      0.0006090537552172935,
      0.004876277450292084
    ],
    "f_st": [
      0.20218338618976797,
      0.29389998329127465,
      0.3783181324328053,
      0.2578977484225056
    ],
    "f_ashp": [
      0.08837312441965024,
      0.3521052061843606,
      0.1940606706132937,
      0.2318357586638361
    ],
    "f_imm": [
      0.20924577327458116,
      0.10501619170131371,
      0.2970274017156544,
      0.7668457473471358
    ],
    "mix_coeff": 5.457383439813132e-23,
    "alpha_draw": 0.2836103724724117,
    "T_mains": 10.0
  },
  "ashp": {
    "a": [
      5.047002025087573,
      -0.034274331999832895,
      -0.011664434040693483,
      0.001113750385488827
    ],
    "b": [
      3.011344708344367,
      -0.03381146707076116,
      -0.010950124693869183,
      0.0009400096826870795
    ],
    "c": [
      -0.676202953377643,
      0.05548399712676839,
      0.11476605591339813,
      -0.00021211742596329212,
      -0.0012379921328297414,
      -0.001317198259951437
    ]
  },
  "hx_effectiveness": 1.0
}