{
  "tank": {
    "UA_loss": [
      5.4836876627305396e-27,
      0.004704559123812854,
      0.0014366321560852894,
      0.0024765267207785494
    ],
    "UA_adj": [
      2.3843324634502363e-22,
      0.011999999999999999,
      0.011999999999999999
    ],
    "f_st": [
      0.328824588090008,
      0.2877315836538889,
      0.08003018990987662,
      0.14023835508568883
    ],
    "f_ashp": [
      0.2503617582920979,
      0.41512982642575996,
      0.024510333540524752,
      0.08500869408912205
    ],
    "f_imm": [
      0.010576189702184472,
      0.01795608332318566,
      0.008344702233783688,
      0.0049220923898761594
    ],
    "mix_coeff": 0.000708739348795804,
    "alpha_draw": 0.9809147097503764,
    "T_mains": 10.0
  },
  "ashp": {
    "a": [
      5.047002025087573,
      -0.034274331999832895,
      -0.011664434040693483,
      0.001113750385488827
    ],
    "b": [
      3.011344708344367,
      -0.03381146707076116,
      -0.010950124693869183,
      0.0009400096826870795
    ],
    "c": [
      -0.676202953377643,
      0.05548399712676839,
      0.11476605591339813,
      -0.00021211742596329212,
      -0.0012379921328297414,
      -0.001317198259951437
    ]
  },
  "hx_effectiveness": 1.0
}